BATCH_ID,SKU_ID,EQUIPMENT_ID,START_TIME,END_TIME
B-1000-1,SKU-899,LINE-1-MIXING,2026-09-22 21:18:34.556614,2026-09-23 01:18:34.556614
B-1001-1,SKU-899,LINE-1-MIXING,2026-09-23 01:48:34.556614,2026-09-23 04:48:34.556614
B-1002-1,SKU-500,LINE-1-MIXING,2026-09-23 05:18:34.556614,2026-09-23 09:18:34.556614
B-1003-1,SKU-100,LINE-1-MIXING,2026-09-23 09:48:34.556614,2026-09-23 14:48:34.556614
B-1004-1,SKU-500,LINE-1-MIXING,2026-09-23 15:18:34.556614,2026-09-23 20:18:34.556614
B-1005-1,SKU-899,LINE-1-MIXING,2026-09-23 20:48:34.556614,2026-09-23 22:48:34.556614
B-1006-1,SKU-899,LINE-1-MIXING,2026-09-23 23:18:34.556614,2026-09-24 01:18:34.556614
B-1007-1,SKU-500,LINE-1-MIXING,2026-09-24 01:48:34.556614,2026-09-24 03:48:34.556614
B-1008-1,SKU-500,LINE-1-MIXING,2026-09-24 04:18:34.556614,2026-09-24 08:18:34.556614
B-1009-1,SKU-500,LINE-1-MIXING,2026-09-24 08:48:34.556614,2026-09-24 12:48:34.556614
B-1010-1,SKU-500,LINE-1-MIXING,2026-09-24 13:18:34.556614,2026-09-24 17:18:34.556614
B-1011-1,SKU-100,LINE-1-MIXING,2026-09-24 17:48:34.556614,2026-09-24 21:48:34.556614
B-1012-1,SKU-500,LINE-1-MIXING,2026-09-24 22:18:34.556614,2026-09-25 00:18:34.556614
B-1013-1,SKU-500,LINE-1-MIXING,2026-09-25 00:48:34.556614,2026-09-25 05:48:34.556614
B-1014-1,SKU-100,LINE-1-MIXING,2026-09-25 06:18:34.556614,2026-09-25 11:18:34.556614
B-1015-1,SKU-500,LINE-1-MIXING,2026-09-25 11:48:34.556614,2026-09-25 14:48:34.556614
B-1016-1,SKU-500,LINE-1-MIXING,2026-09-25 15:18:34.556614,2026-09-25 20:18:34.556614
B-1017-1,SKU-500,LINE-1-MIXING,2026-09-25 20:48:34.556614,2026-09-26 01:48:34.556614
B-1018-1,SKU-500,LINE-1-MIXING,2026-09-26 02:18:34.556614,2026-09-26 04:18:34.556614
B-1019-1,SKU-100,LINE-1-MIXING,2026-09-26 04:48:34.556614,2026-09-26 06:48:34.556614
B-1020-1,SKU-899,LINE-1-MIXING,2026-09-26 07:18:34.556614,2026-09-26 12:18:34.556614
B-1021-1,SKU-899,LINE-1-MIXING,2026-09-26 12:48:34.556614,2026-09-26 16:48:34.556614
B-1022-1,SKU-500,LINE-1-MIXING,2026-09-26 17:18:34.556614,2026-09-26 20:18:34.556614
B-1023-1,SKU-100,LINE-1-MIXING,2026-09-26 20:48:34.556614,2026-09-26 23:48:34.556614
B-1024-1,SKU-899,LINE-1-MIXING,2026-09-27 00:18:34.556614,2026-09-27 03:18:34.556614
B-1025-1,SKU-100,LINE-1-MIXING,2026-09-27 03:48:34.556614,2026-09-27 06:48:34.556614
B-1026-1,SKU-500,LINE-1-MIXING,2026-09-27 07:18:34.556614,2026-09-27 11:18:34.556614
B-1027-1,SKU-899,LINE-1-MIXING,2026-09-27 11:48:34.556614,2026-09-27 15:48:34.556614
B-1028-1,SKU-500,LINE-1-MIXING,2026-09-27 16:18:34.556614,2026-09-27 19:18:34.556614
B-1029-1,SKU-500,LINE-1-MIXING,2026-09-27 19:48:34.556614,2026-09-27 21:48:34.556614
B-1030-1,SKU-500,LINE-1-MIXING,2026-09-27 22:18:34.556614,2026-09-28 02:18:34.556614
B-1031-1,SKU-899,LINE-1-MIXING,2026-09-28 02:48:34.556614,2026-09-28 05:48:34.556614
B-1032-1,SKU-500,LINE-1-MIXING,2026-09-28 06:18:34.556614,2026-09-28 11:18:34.556614
B-1033-1,SKU-100,LINE-1-MIXING,2026-09-28 11:48:34.556614,2026-09-28 15:48:34.556614
B-1034-1,SKU-899,LINE-1-MIXING,2026-09-28 16:18:34.556614,2026-09-28 19:18:34.556614
B-1035-1,SKU-100,LINE-1-MIXING,2026-09-28 19:48:34.556614,2026-09-29 00:48:34.556614
B-1036-1,SKU-899,LINE-1-MIXING,2026-09-29 01:18:34.556614,2026-09-29 05:18:34.556614
B-1037-1,SKU-899,LINE-1-MIXING,2026-09-29 05:48:34.556614,2026-09-29 09:48:34.556614
B-1038-1,SKU-100,LINE-1-MIXING,2026-09-29 10:18:34.556614,2026-09-29 13:18:34.556614
B-1039-1,SKU-100,LINE-1-MIXING,2026-09-29 13:48:34.556614,2026-09-29 18:48:34.556614
B-1040-1,SKU-899,LINE-1-MIXING,2026-09-29 19:18:34.556614,2026-09-29 21:18:34.556614
B-1041-1,SKU-500,LINE-1-MIXING,2026-09-29 21:48:34.556614,2026-09-30 00:48:34.556614
B-1042-1,SKU-100,LINE-1-MIXING,2026-09-30 01:18:34.556614,2026-09-30 05:18:34.556614
B-1043-1,SKU-899,LINE-1-MIXING,2026-09-30 05:48:34.556614,2026-09-30 07:48:34.556614
B-1044-1,SKU-100,LINE-1-MIXING,2026-09-30 08:18:34.556614,2026-09-30 12:18:34.556614
B-1045-1,SKU-100,LINE-1-MIXING,2026-09-30 12:48:34.556614,2026-09-30 17:48:34.556614
B-1046-1,SKU-100,LINE-1-MIXING,2026-09-30 18:18:34.556614,2026-09-30 22:18:34.556614
B-1047-1,SKU-500,LINE-1-MIXING,2026-09-30 22:48:34.556614,2026-10-01 03:48:34.556614
B-1048-1,SKU-100,LINE-1-MIXING,2026-10-01 04:18:34.556614,2026-10-01 06:18:34.556614
B-1049-1,SKU-100,LINE-1-MIXING,2026-10-01 06:48:34.556614,2026-10-01 08:48:34.556614
B-1000-2,SKU-500,LINE-2-PACKAGING,2026-09-22 21:18:34.556614,2026-09-23 00:18:34.556614
B-1001-2,SKU-100,LINE-2-PACKAGING,2026-09-23 00:48:34.556614,2026-09-23 04:48:34.556614
B-1002-2,SKU-500,LINE-2-PACKAGING,2026-09-23 05:18:34.556614,2026-09-23 07:18:34.556614
B-1003-2,SKU-899,LINE-2-PACKAGING,2026-09-23 07:48:34.556614,2026-09-23 12:48:34.556614
B-1004-2,SKU-899,LINE-2-PACKAGING,2026-09-23 13:18:34.556614,2026-09-23 16:18:34.556614
B-1005-2,SKU-899,LINE-2-PACKAGING,2026-09-23 16:48:34.556614,2026-09-23 20:48:34.556614
B-1006-2,SKU-500,LINE-2-PACKAGING,2026-09-23 21:18:34.556614,2026-09-23 23:18:34.556614
B-1007-2,SKU-100,LINE-2-PACKAGING,2026-09-23 23:48:34.556614,2026-09-24 02:48:34.556614
B-1008-2,SKU-500,LINE-2-PACKAGING,2026-09-24 03:18:34.556614,2026-09-24 06:18:34.556614
B-1009-2,SKU-899,LINE-2-PACKAGING,2026-09-24 06:48:34.556614,2026-09-24 08:48:34.556614
B-1010-2,SKU-899,LINE-2-PACKAGING,2026-09-24 09:18:34.556614,2026-09-24 13:18:34.556614
B-1011-2,SKU-899,LINE-2-PACKAGING,2026-09-24 13:48:34.556614,2026-09-24 15:48:34.556614
B-1012-2,SKU-500,LINE-2-PACKAGING,2026-09-24 16:18:34.556614,2026-09-24 21:18:34.556614
B-1013-2,SKU-899,LINE-2-PACKAGING,2026-09-24 21:48:34.556614,2026-09-25 01:48:34.556614
B-1014-2,SKU-500,LINE-2-PACKAGING,2026-09-25 02:18:34.556614,2026-09-25 07:18:34.556614
B-1015-2,SKU-500,LINE-2-PACKAGING,2026-09-25 07:48:34.556614,2026-09-25 10:48:34.556614
B-1016-2,SKU-500,LINE-2-PACKAGING,2026-09-25 11:18:34.556614,2026-09-25 16:18:34.556614
B-1017-2,SKU-100,LINE-2-PACKAGING,2026-09-25 16:48:34.556614,2026-09-25 21:48:34.556614
B-1018-2,SKU-100,LINE-2-PACKAGING,2026-09-25 22:18:34.556614,2026-09-26 03:18:34.556614
B-1019-2,SKU-899,LINE-2-PACKAGING,2026-09-26 03:48:34.556614,2026-09-26 08:48:34.556614
B-1020-2,SKU-100,LINE-2-PACKAGING,2026-09-26 09:18:34.556614,2026-09-26 12:18:34.556614
B-1021-2,SKU-899,LINE-2-PACKAGING,2026-09-26 12:48:34.556614,2026-09-26 16:48:34.556614
B-1022-2,SKU-899,LINE-2-PACKAGING,2026-09-26 17:18:34.556614,2026-09-26 21:18:34.556614
B-1023-2,SKU-899,LINE-2-PACKAGING,2026-09-26 21:48:34.556614,2026-09-27 01:48:34.556614
B-1024-2,SKU-100,LINE-2-PACKAGING,2026-09-27 02:18:34.556614,2026-09-27 07:18:34.556614
B-1025-2,SKU-500,LINE-2-PACKAGING,2026-09-27 07:48:34.556614,2026-09-27 11:48:34.556614
B-1026-2,SKU-899,LINE-2-PACKAGING,2026-09-27 12:18:34.556614,2026-09-27 14:18:34.556614
B-1027-2,SKU-100,LINE-2-PACKAGING,2026-09-27 14:48:34.556614,2026-09-27 19:48:34.556614
B-1028-2,SKU-100,LINE-2-PACKAGING,2026-09-27 20:18:34.556614,2026-09-27 22:18:34.556614
B-1029-2,SKU-899,LINE-2-PACKAGING,2026-09-27 22:48:34.556614,2026-09-28 02:48:34.556614
B-1030-2,SKU-500,LINE-2-PACKAGING,2026-09-28 03:18:34.556614,2026-09-28 06:18:34.556614
B-1031-2,SKU-899,LINE-2-PACKAGING,2026-09-28 06:48:34.556614,2026-09-28 10:48:34.556614
B-1032-2,SKU-500,LINE-2-PACKAGING,2026-09-28 11:18:34.556614,2026-09-28 13:18:34.556614
B-1033-2,SKU-100,LINE-2-PACKAGING,2026-09-28 13:48:34.556614,2026-09-28 18:48:34.556614
B-1034-2,SKU-899,LINE-2-PACKAGING,2026-09-28 19:18:34.556614,2026-09-28 22:18:34.556614
B-1035-2,SKU-500,LINE-2-PACKAGING,2026-09-28 22:48:34.556614,2026-09-29 01:48:34.556614
B-1036-2,SKU-500,LINE-2-PACKAGING,2026-09-29 02:18:34.556614,2026-09-29 04:18:34.556614
B-1037-2,SKU-899,LINE-2-PACKAGING,2026-09-29 04:48:34.556614,2026-09-29 08:48:34.556614
B-1038-2,SKU-100,LINE-2-PACKAGING,2026-09-29 09:18:34.556614,2026-09-29 13:18:34.556614
B-1039-2,SKU-899,LINE-2-PACKAGING,2026-09-29 13:48:34.556614,2026-09-29 15:48:34.556614
B-1040-2,SKU-899,LINE-2-PACKAGING,2026-09-29 16:18:34.556614,2026-09-29 20:18:34.556614
B-1041-2,SKU-500,LINE-2-PACKAGING,2026-09-29 20:48:34.556614,2026-09-29 23:48:34.556614
B-1042-2,SKU-899,LINE-2-PACKAGING,2026-09-30 00:18:34.556614,2026-09-30 03:18:34.556614
B-1043-2,SKU-500,LINE-2-PACKAGING,2026-09-30 03:48:34.556614,2026-09-30 06:48:34.556614
B-1044-2,SKU-100,LINE-2-PACKAGING,2026-09-30 07:18:34.556614,2026-09-30 10:18:34.556614
B-1045-2,SKU-899,LINE-2-PACKAGING,2026-09-30 10:48:34.556614,2026-09-30 12:48:34.556614
B-1046-2,SKU-100,LINE-2-PACKAGING,2026-09-30 13:18:34.556614,2026-09-30 18:18:34.556614
B-1047-2,SKU-500,LINE-2-PACKAGING,2026-09-30 18:48:34.556614,2026-09-30 21:48:34.556614
B-1048-2,SKU-100,LINE-2-PACKAGING,2026-09-30 22:18:34.556614,2026-10-01 02:18:34.556614
B-1049-2,SKU-500,LINE-2-PACKAGING,2026-10-01 02:48:34.556614,2026-10-01 06:48:34.556614
B-1000-3,SKU-100,LINE-3-FILLING,2026-09-22 21:18:34.556614,2026-09-23 00:18:34.556614
B-1001-3,SKU-500,LINE-3-FILLING,2026-09-23 00:48:34.556614,2026-09-23 04:48:34.556614
B-1002-3,SKU-899,LINE-3-FILLING,2026-09-23 05:18:34.556614,2026-09-23 07:18:34.556614
B-1003-3,SKU-500,LINE-3-FILLING,2026-09-23 07:48:34.556614,2026-09-23 11:48:34.556614
B-1004-3,SKU-100,LINE-3-FILLING,2026-09-23 12:18:34.556614,2026-09-23 16:18:34.556614
B-1005-3,SKU-500,LINE-3-FILLING,2026-09-23 16:48:34.556614,2026-09-23 20:48:34.556614
B-1006-3,SKU-500,LINE-3-FILLING,2026-09-23 21:18:34.556614,2026-09-23 23:18:34.556614
B-1007-3,SKU-899,LINE-3-FILLING,2026-09-23 23:48:34.556614,2026-09-24 02:48:34.556614
B-1008-3,SKU-500,LINE-3-FILLING,2026-09-24 03:18:34.556614,2026-09-24 06:18:34.556614
B-1009-3,SKU-500,LINE-3-FILLING,2026-09-24 06:48:34.556614,2026-09-24 08:48:34.556614
B-1010-3,SKU-100,LINE-3-FILLING,2026-09-24 09:18:34.556614,2026-09-24 14:18:34.556614
B-1011-3,SKU-500,LINE-3-FILLING,2026-09-24 14:48:34.556614,2026-09-24 19:48:34.556614
B-1012-3,SKU-100,LINE-3-FILLING,2026-09-24 20:18:34.556614,2026-09-25 01:18:34.556614
B-1013-3,SKU-899,LINE-3-FILLING,2026-09-25 01:48:34.556614,2026-09-25 05:48:34.556614
B-1014-3,SKU-500,LINE-3-FILLING,2026-09-25 06:18:34.556614,2026-09-25 10:18:34.556614
B-1015-3,SKU-899,LINE-3-FILLING,2026-09-25 10:48:34.556614,2026-09-25 15:48:34.556614
B-1016-3,SKU-500,LINE-3-FILLING,2026-09-25 16:18:34.556614,2026-09-25 18:18:34.556614
B-1017-3,SKU-100,LINE-3-FILLING,2026-09-25 18:48:34.556614,2026-09-25 22:48:34.556614
B-1018-3,SKU-100,LINE-3-FILLING,2026-09-25 23:18:34.556614,2026-09-26 01:18:34.556614
B-1019-3,SKU-500,LINE-3-FILLING,2026-09-26 01:48:34.556614,2026-09-26 05:48:34.556614
B-1020-3,SKU-500,LINE-3-FILLING,2026-09-26 06:18:34.556614,2026-09-26 10:18:34.556614
B-1021-3,SKU-500,LINE-3-FILLING,2026-09-26 10:48:34.556614,2026-09-26 14:48:34.556614
B-1022-3,SKU-100,LINE-3-FILLING,2026-09-26 15:18:34.556614,2026-09-26 20:18:34.556614
B-1023-3,SKU-899,LINE-3-FILLING,2026-09-26 20:48:34.556614,2026-09-26 23:48:34.556614
B-1024-3,SKU-100,LINE-3-FILLING,2026-09-27 00:18:34.556614,2026-09-27 03:18:34.556614
B-1025-3,SKU-100,LINE-3-FILLING,2026-09-27 03:48:34.556614,2026-09-27 05:48:34.556614
B-1026-3,SKU-500,LINE-3-FILLING,2026-09-27 06:18:34.556614,2026-09-27 08:18:34.556614
B-1027-3,SKU-899,LINE-3-FILLING,2026-09-27 08:48:34.556614,2026-09-27 13:48:34.556614
B-1028-3,SKU-899,LINE-3-FILLING,2026-09-27 14:18:34.556614,2026-09-27 19:18:34.556614
B-1029-3,SKU-899,LINE-3-FILLING,2026-09-27 19:48:34.556614,2026-09-27 23:48:34.556614
B-1030-3,SKU-100,LINE-3-FILLING,2026-09-28 00:18:34.556614,2026-09-28 02:18:34.556614
B-1031-3,SKU-899,LINE-3-FILLING,2026-09-28 02:48:34.556614,2026-09-28 06:48:34.556614
B-1032-3,SKU-500,LINE-3-FILLING,2026-09-28 07:18:34.556614,2026-09-28 12:18:34.556614
B-1033-3,SKU-500,LINE-3-FILLING,2026-09-28 12:48:34.556614,2026-09-28 14:48:34.556614
B-1034-3,SKU-100,LINE-3-FILLING,2026-09-28 15:18:34.556614,2026-09-28 20:18:34.556614
B-1035-3,SKU-899,LINE-3-FILLING,2026-09-28 20:48:34.556614,2026-09-28 22:48:34.556614
B-1036-3,SKU-899,LINE-3-FILLING,2026-09-28 23:18:34.556614,2026-09-29 04:18:34.556614
B-1037-3,SKU-899,LINE-3-FILLING,2026-09-29 04:48:34.556614,2026-09-29 09:48:34.556614
B-1038-3,SKU-100,LINE-3-FILLING,2026-09-29 10:18:34.556614,2026-09-29 12:18:34.556614
B-1039-3,SKU-100,LINE-3-FILLING,2026-09-29 12:48:34.556614,2026-09-29 14:48:34.556614
B-1040-3,SKU-100,LINE-3-FILLING,2026-09-29 15:18:34.556614,2026-09-29 17:18:34.556614
B-1041-3,SKU-500,LINE-3-FILLING,2026-09-29 17:48:34.556614,2026-09-29 22:48:34.556614
B-1042-3,SKU-500,LINE-3-FILLING,2026-09-29 23:18:34.556614,2026-09-30 01:18:34.556614
B-1043-3,SKU-500,LINE-3-FILLING,2026-09-30 01:48:34.556614,2026-09-30 06:48:34.556614
B-1044-3,SKU-100,LINE-3-FILLING,2026-09-30 07:18:34.556614,2026-09-30 10:18:34.556614
B-1045-3,SKU-899,LINE-3-FILLING,2026-09-30 10:48:34.556614,2026-09-30 14:48:34.556614
B-1046-3,SKU-500,LINE-3-FILLING,2026-09-30 15:18:34.556614,2026-09-30 18:18:34.556614
B-1047-3,SKU-100,LINE-3-FILLING,2026-09-30 18:48:34.556614,2026-09-30 23:48:34.556614
B-1048-3,SKU-100,LINE-3-FILLING,2026-10-01 00:18:34.556614,2026-10-01 05:18:34.556614
B-1049-3,SKU-899,LINE-3-FILLING,2026-10-01 05:48:34.556614,2026-10-01 08:48:34.556614
B-1000-4,SKU-899,LINE-4-SEALING,2026-09-22 21:18:34.556614,2026-09-23 00:18:34.556614
B-1001-4,SKU-500,LINE-4-SEALING,2026-09-23 00:48:34.556614,2026-09-23 03:48:34.556614
B-1002-4,SKU-899,LINE-4-SEALING,2026-09-23 04:18:34.556614,2026-09-23 07:18:34.556614
B-1003-4,SKU-500,LINE-4-SEALING,2026-09-23 07:48:34.556614,2026-09-23 11:48:34.556614
B-1004-4,SKU-500,LINE-4-SEALING,2026-09-23 12:18:34.556614,2026-09-23 17:18:34.556614
B-1005-4,SKU-500,LINE-4-SEALING,2026-09-23 17:48:34.556614,2026-09-23 22:48:34.556614
B-1006-4,SKU-500,LINE-4-SEALING,2026-09-23 23:18:34.556614,2026-09-24 04:18:34.556614
B-1007-4,SKU-100,LINE-4-SEALING,2026-09-24 04:48:34.556614,2026-09-24 07:48:34.556614
B-1008-4,SKU-899,LINE-4-SEALING,2026-09-24 08:18:34.556614,2026-09-24 12:18:34.556614
B-1009-4,SKU-500,LINE-4-SEALING,2026-09-24 12:48:34.556614,2026-09-24 14:48:34.556614
B-1010-4,SKU-100,LINE-4-SEALING,2026-09-24 15:18:34.556614,2026-09-24 18:18:34.556614
B-1011-4,SKU-899,LINE-4-SEALING,2026-09-24 18:48:34.556614,2026-09-24 23:48:34.556614
B-1012-4,SKU-500,LINE-4-SEALING,2026-09-25 00:18:34.556614,2026-09-25 02:18:34.556614
B-1013-4,SKU-100,LINE-4-SEALING,2026-09-25 02:48:34.556614,2026-09-25 07:48:34.556614
B-1014-4,SKU-899,LINE-4-SEALING,2026-09-25 08:18:34.556614,2026-09-25 12:18:34.556614
B-1015-4,SKU-100,LINE-4-SEALING,2026-09-25 12:48:34.556614,2026-09-25 17:48:34.556614
B-1016-4,SKU-100,LINE-4-SEALING,2026-09-25 18:18:34.556614,2026-09-25 20:18:34.556614
B-1017-4,SKU-100,LINE-4-SEALING,2026-09-25 20:48:34.556614,2026-09-25 22:48:34.556614
B-1018-4,SKU-899,LINE-4-SEALING,2026-09-25 23:18:34.556614,2026-09-26 01:18:34.556614
B-1019-4,SKU-899,LINE-4-SEALING,2026-09-26 01:48:34.556614,2026-09-26 03:48:34.556614
B-1020-4,SKU-500,LINE-4-SEALING,2026-09-26 04:18:34.556614,2026-09-26 07:18:34.556614
B-1021-4,SKU-100,LINE-4-SEALING,2026-09-26 07:48:34.556614,2026-09-26 10:48:34.556614
B-1022-4,SKU-500,LINE-4-SEALING,2026-09-26 11:18:34.556614,2026-09-26 13:18:34.556614
B-1023-4,SKU-500,LINE-4-SEALING,2026-09-26 13:48:34.556614,2026-09-26 18:48:34.556614
B-1024-4,SKU-899,LINE-4-SEALING,2026-09-26 19:18:34.556614,2026-09-26 23:18:34.556614
B-1025-4,SKU-500,LINE-4-SEALING,2026-09-26 23:48:34.556614,2026-09-27 04:48:34.556614
B-1026-4,SKU-500,LINE-4-SEALING,2026-09-27 05:18:34.556614,2026-09-27 10:18:34.556614
B-1027-4,SKU-500,LINE-4-SEALING,2026-09-27 10:48:34.556614,2026-09-27 13:48:34.556614
B-1028-4,SKU-899,LINE-4-SEALING,2026-09-27 14:18:34.556614,2026-09-27 17:18:34.556614
B-1029-4,SKU-500,LINE-4-SEALING,2026-09-27 17:48:34.556614,2026-09-27 22:48:34.556614
B-1030-4,SKU-899,LINE-4-SEALING,2026-09-27 23:18:34.556614,2026-09-28 01:18:34.556614
B-1031-4,SKU-500,LINE-4-SEALING,2026-09-28 01:48:34.556614,2026-09-28 06:48:34.556614
B-1032-4,SKU-899,LINE-4-SEALING,2026-09-28 07:18:34.556614,2026-09-28 11:18:34.556614
B-1033-4,SKU-899,LINE-4-SEALING,2026-09-28 11:48:34.556614,2026-09-28 15:48:34.556614
B-1034-4,SKU-899,LINE-4-SEALING,2026-09-28 16:18:34.556614,2026-09-28 21:18:34.556614
B-1035-4,SKU-100,LINE-4-SEALING,2026-09-28 21:48:34.556614,2026-09-29 00:48:34.556614
B-1036-4,SKU-899,LINE-4-SEALING,2026-09-29 01:18:34.556614,2026-09-29 03:18:34.556614
B-1037-4,SKU-500,LINE-4-SEALING,2026-09-29 03:48:34.556614,2026-09-29 06:48:34.556614
B-1038-4,SKU-500,LINE-4-SEALING,2026-09-29 07:18:34.556614,2026-09-29 09:18:34.556614
B-1039-4,SKU-500,LINE-4-SEALING,2026-09-29 09:48:34.556614,2026-09-29 13:48:34.556614
B-1040-4,SKU-899,LINE-4-SEALING,2026-09-29 14:18:34.556614,2026-09-29 17:18:34.556614
B-1041-4,SKU-899,LINE-4-SEALING,2026-09-29 17:48:34.556614,2026-09-29 19:48:34.556614
B-1042-4,SKU-500,LINE-4-SEALING,2026-09-29 20:18:34.556614,2026-09-29 22:18:34.556614
B-1043-4,SKU-100,LINE-4-SEALING,2026-09-29 22:48:34.556614,2026-09-30 03:48:34.556614
B-1044-4,SKU-899,LINE-4-SEALING,2026-09-30 04:18:34.556614,2026-09-30 09:18:34.556614
B-1045-4,SKU-899,LINE-4-SEALING,2026-09-30 09:48:34.556614,2026-09-30 13:48:34.556614
B-1046-4,SKU-500,LINE-4-SEALING,2026-09-30 14:18:34.556614,2026-09-30 16:18:34.556614
B-1047-4,SKU-500,LINE-4-SEALING,2026-09-30 16:48:34.556614,2026-09-30 19:48:34.556614
B-1048-4,SKU-899,LINE-4-SEALING,2026-09-30 20:18:34.556614,2026-10-01 00:18:34.556614
B-1049-4,SKU-899,LINE-4-SEALING,2026-10-01 00:48:34.556614,2026-10-01 02:48:34.556614
B-1000-5,SKU-899,LINE-5-PALLETIZING,2026-09-22 21:18:34.556614,2026-09-23 01:18:34.556614
B-1001-5,SKU-500,LINE-5-PALLETIZING,2026-09-23 01:48:34.556614,2026-09-23 06:48:34.556614
B-1002-5,SKU-500,LINE-5-PALLETIZING,2026-09-23 07:18:34.556614,2026-09-23 10:18:34.556614
B-1003-5,SKU-899,LINE-5-PALLETIZING,2026-09-23 10:48:34.556614,2026-09-23 15:48:34.556614
B-1004-5,SKU-899,LINE-5-PALLETIZING,2026-09-23 16:18:34.556614,2026-09-23 20:18:34.556614
B-1005-5,SKU-899,LINE-5-PALLETIZING,2026-09-23 20:48:34.556614,2026-09-23 23:48:34.556614
B-1006-5,SKU-899,LINE-5-PALLETIZING,2026-09-24 00:18:34.556614,2026-09-24 04:18:34.556614
B-1007-5,SKU-500,LINE-5-PALLETIZING,2026-09-24 04:48:34.556614,2026-09-24 06:48:34.556614
B-1008-5,SKU-500,LINE-5-PALLETIZING,2026-09-24 07:18:34.556614,2026-09-24 10:18:34.556614
B-1009-5,SKU-500,LINE-5-PALLETIZING,2026-09-24 10:48:34.556614,2026-09-24 13:48:34.556614
B-1010-5,SKU-100,LINE-5-PALLETIZING,2026-09-24 14:18:34.556614,2026-09-24 16:18:34.556614
B-1011-5,SKU-899,LINE-5-PALLETIZING,2026-09-24 16:48:34.556614,2026-09-24 19:48:34.556614
B-1012-5,SKU-899,LINE-5-PALLETIZING,2026-09-24 20:18:34.556614,2026-09-25 01:18:34.556614
B-1013-5,SKU-500,LINE-5-PALLETIZING,2026-09-25 01:48:34.556614,2026-09-25 05:48:34.556614
B-1014-5,SKU-100,LINE-5-PALLETIZING,2026-09-25 06:18:34.556614,2026-09-25 10:18:34.556614
B-1015-5,SKU-500,LINE-5-PALLETIZING,2026-09-25 10:48:34.556614,2026-09-25 12:48:34.556614
B-1016-5,SKU-899,LINE-5-PALLETIZING,2026-09-25 13:18:34.556614,2026-09-25 15:18:34.556614
B-1017-5,SKU-500,LINE-5-PALLETIZING,2026-09-25 15:48:34.556614,2026-09-25 19:48:34.556614
B-1018-5,SKU-899,LINE-5-PALLETIZING,2026-09-25 20:18:34.556614,2026-09-26 01:18:34.556614
B-1019-5,SKU-899,LINE-5-PALLETIZING,2026-09-26 01:48:34.556614,2026-09-26 04:48:34.556614
B-1020-5,SKU-100,LINE-5-PALLETIZING,2026-09-26 05:18:34.556614,2026-09-26 09:18:34.556614
B-1021-5,SKU-899,LINE-5-PALLETIZING,2026-09-26 09:48:34.556614,2026-09-26 11:48:34.556614
B-1022-5,SKU-899,LINE-5-PALLETIZING,2026-09-26 12:18:34.556614,2026-09-26 15:18:34.556614
B-1023-5,SKU-100,LINE-5-PALLETIZING,2026-09-26 15:48:34.556614,2026-09-26 20:48:34.556614
B-1024-5,SKU-500,LINE-5-PALLETIZING,2026-09-26 21:18:34.556614,2026-09-27 02:18:34.556614
B-1025-5,SKU-500,LINE-5-PALLETIZING,2026-09-27 02:48:34.556614,2026-09-27 07:48:34.556614
B-1026-5,SKU-100,LINE-5-PALLETIZING,2026-09-27 08:18:34.556614,2026-09-27 13:18:34.556614
B-1027-5,SKU-899,LINE-5-PALLETIZING,2026-09-27 13:48:34.556614,2026-09-27 16:48:34.556614
B-1028-5,SKU-899,LINE-5-PALLETIZING,2026-09-27 17:18:34.556614,2026-09-27 22:18:34.556614
B-1029-5,SKU-500,LINE-5-PALLETIZING,2026-09-27 22:48:34.556614,2026-09-28 00:48:34.556614
B-1030-5,SKU-500,LINE-5-PALLETIZING,2026-09-28 01:18:34.556614,2026-09-28 06:18:34.556614
B-1031-5,SKU-899,LINE-5-PALLETIZING,2026-09-28 06:48:34.556614,2026-09-28 09:48:34.556614
B-1032-5,SKU-899,LINE-5-PALLETIZING,2026-09-28 10:18:34.556614,2026-09-28 14:18:34.556614
B-1033-5,SKU-100,LINE-5-PALLETIZING,2026-09-28 14:48:34.556614,2026-09-28 19:48:34.556614
B-1034-5,SKU-500,LINE-5-PALLETIZING,2026-09-28 20:18:34.556614,2026-09-29 00:18:34.556614
B-1035-5,SKU-500,LINE-5-PALLETIZING,2026-09-29 00:48:34.556614,2026-09-29 04:48:34.556614
B-1036-5,SKU-100,LINE-5-PALLETIZING,2026-09-29 05:18:34.556614,2026-09-29 10:18:34.556614
B-1037-5,SKU-899,LINE-5-PALLETIZING,2026-09-29 10:48:34.556614,2026-09-29 14:48:34.556614
B-1038-5,SKU-500,LINE-5-PALLETIZING,2026-09-29 15:18:34.556614,2026-09-29 17:18:34.556614
B-1039-5,SKU-500,LINE-5-PALLETIZING,2026-09-29 17:48:34.556614,2026-09-29 19:48:34.556614
B-1040-5,SKU-100,LINE-5-PALLETIZING,2026-09-29 20:18:34.556614,2026-09-29 22:18:34.556614
B-1041-5,SKU-500,LINE-5-PALLETIZING,2026-09-29 22:48:34.556614,2026-09-30 02:48:34.556614
B-1042-5,SKU-899,LINE-5-PALLETIZING,2026-09-30 03:18:34.556614,2026-09-30 06:18:34.556614
B-1043-5,SKU-500,LINE-5-PALLETIZING,2026-09-30 06:48:34.556614,2026-09-30 09:48:34.556614
B-1044-5,SKU-100,LINE-5-PALLETIZING,2026-09-30 10:18:34.556614,2026-09-30 14:18:34.556614
B-1045-5,SKU-500,LINE-5-PALLETIZING,2026-09-30 14:48:34.556614,2026-09-30 16:48:34.556614
B-1046-5,SKU-899,LINE-5-PALLETIZING,2026-09-30 17:18:34.556614,2026-09-30 19:18:34.556614
B-1047-5,SKU-899,LINE-5-PALLETIZING,2026-09-30 19:48:34.556614,2026-09-30 23:48:34.556614
B-1048-5,SKU-100,LINE-5-PALLETIZING,2026-10-01 00:18:34.556614,2026-10-01 05:18:34.556614
B-1049-5,SKU-500,LINE-5-PALLETIZING,2026-10-01 05:48:34.556614,2026-10-01 08:48:34.556614
